{
	"TTF": 0.6910000000000001,
	"CAP": 0.5578000000000001,
	"NCT": 0.5028,
	"DRL": 0.4586,
	"VCF": 0.4156000000000001,
	"DGC": 0.4098,
	"VHM": 0.3954,
	"VCS": 0.38539999999999996,
	"IDV": 0.37960000000000005,
	"SRA": 0.3728,
	"BAX": 0.37100000000000005,
	"VNM": 0.3578,
	"NHT": 0.3532,
	"HDG": 0.34619999999999995,
	"DP3": 0.3448,
	"PNC": 0.34340000000000004,
	"DNC": 0.34219999999999995,
	"SMB": 0.3408,
	"CLM": 0.33859999999999996,
	"SEB": 0.3282,
	"MSH": 0.32280000000000003,
	"DSN": 0.3194,
	"SAF": 0.3174,
	"HVT": 0.316,
	"LIX": 0.3108,
	"NNC": 0.3002,
	"MWG": 0.2984,
	"GMX": 0.2962,
	"TMP": 0.29219999999999996,
	"CMX": 0.286,
	"AGG": 0.2836,
	"NET": 0.2822,
	"SCI": 0.281,
	"THG": 0.2808,
	"VIB": 0.27859999999999996,
	"GDT": 0.278,
	"CSC": 0.27640000000000003,
	"DGW": 0.27580000000000005,
	"TMB": 0.2738,
	"D2D": 0.271,
	"PHN": 0.2672,
	"RAL": 0.2664,
	"CTR": 0.2662,
	"SGC": 0.265,
	"SLS": 0.26480000000000004,
	"VHC": 0.2642,
	"PDN": 0.263,
	"SHE": 0.25880000000000003,
	"SGN": 0.2566,
	"CSV": 0.2544,
	"ACB": 0.254,
	"SDN": 0.254,
	"PIA": 0.252,
	"HAT": 0.25040000000000007,
	"SAB": 0.2504,
	"CAV": 0.24980000000000002,
	"PHR": 0.2484,
	"L14": 0.24699999999999997,
	"CLH": 0.2454,
	"PNJ": 0.24499999999999997,
	"FPT": 0.2448,
	"VPG": 0.244,
	"DHT": 0.2428,
	"HPG": 0.24220000000000003,
	"DHC": 0.24020000000000002,
	"HAH": 0.23820000000000002,
	"TV2": 0.23820000000000002,
	"DPG": 0.238,
	"S4A": 0.2378,
	"HGM": 0.2374,
	"VCB": 0.23700000000000002,
	"FIR": 0.2364,
	"GIL": 0.2352,
	"PTB": 0.2352,
	"D11": 0.23159999999999997,
	"HAX": 0.23040000000000002,
	"PDR": 0.22959999999999997,
	"FMC": 0.2292,
	"TPB": 0.2292,
	"PSD": 0.22840000000000002,
	"SVI": 0.22719999999999999,
	"PAC": 0.2262,
	"GAS": 0.2244,
	"BED": 0.2242,
	"AMV": 0.223,
	"KSB": 0.22279999999999997,
	"DVP": 0.2224,
	"OCB": 0.22160000000000002,
	"MBB": 0.22159999999999996,
	"ANV": 0.22039999999999998,
	"VBC": 0.22039999999999998,
	"DHG": 0.21719999999999998,
	"PMC": 0.21680000000000002,
	"LBM": 0.2144,
	"HDB": 0.2138,
	"PRC": 0.213,
	"WCS": 0.2116,
	"DTD": 0.21080000000000002,
	"ST8": 0.21000000000000002,
	"VPB": 0.2096,
	"SFI": 0.2088,
	"TBC": 0.207,
	"HDC": 0.2062,
	"DCM": 0.2052,
	"CLC": 0.20400000000000001,
	"LHC": 0.2036,
	"VCI": 0.20279999999999995,
	"DPM": 0.20260000000000003,
	"TNG": 0.20140000000000002,
	"CVN": 0.2008,
	"NRC": 0.1994,
	"NSC": 0.1982,
	"TCB": 0.19759999999999997,
	"TLG": 0.1964,
	"ACL": 0.196,
	"STK": 0.194,
	"TCD": 0.19360000000000002,
	"PGD": 0.1928,
	"UIC": 0.19139999999999996,
	"ADC": 0.1896,
	"CKG": 0.18839999999999998,
	"KHS": 0.1882,
	"VSM": 0.188,
	"BMP": 0.18619999999999998,
	"NAV": 0.18580000000000002,
	"CVT": 0.185,
	"IPA": 0.18480000000000002,
	"TRA": 0.18460000000000001,
	"PJC": 0.1838,
	"CRE": 0.1826,
	"DHA": 0.18259999999999996,
	"SSC": 0.1822,
	"OPC": 0.18080000000000002,
	"VND": 0.18080000000000002,
	"SHS": 0.1808,
	"MSN": 0.178,
	"FTS": 0.1778,
	"DBD": 0.17640000000000003,
	"NTL": 0.1762,
	"TDW": 0.1758,
	"TIP": 0.17579999999999998,
	"TMS": 0.1748,
	"IDJ": 0.1746,
	"SFN": 0.1746,
	"VFG": 0.1734,
	"MVB": 0.17279999999999998,
	"EID": 0.17260000000000003,
	"SZL": 0.1726,
	"TVD": 0.1724,
	"THT": 0.172,
	"TVS": 0.1718,
	"IJC": 0.17160000000000003,
	"REE": 0.1716,
	"TCL": 0.17140000000000002,
	"CNG": 0.1708,
	"HJS": 0.1708,
	"ASM": 0.16960000000000003,
	"NTP": 0.1692,
	"NT2": 0.16919999999999996,
	"SDG": 0.1688,
	"VIX": 0.1674,
	"AMC": 0.1662,
	"CTB": 0.1658,
	"SHP": 0.1654,
	"QST": 0.165,
	"VOS": 0.165,
	"SGR": 0.1648,
	"QHD": 0.16399999999999998,
	"DBC": 0.1636,
	"DMC": 0.1632,
	"IDC": 0.1628,
	"BWE": 0.1626,
	"VPI": 0.1626,
	"HLC": 0.16040000000000001,
	"NHC": 0.16040000000000001,
	"TDN": 0.16040000000000001,
	"TCM": 0.1604,
	"HUB": 0.16020000000000004,
	"VIT": 0.1602,
	"SED": 0.16019999999999998,
	"BTW": 0.16,
	"DAD": 0.1598,
	"SBA": 0.1598,
	"TV3": 0.15960000000000002,
	"PGC": 0.15959999999999996,
	"HMC": 0.1584,
	"LHG": 0.1584,
	"SJD": 0.15760000000000002,
	"INN": 0.15700000000000003,
	"LPB": 0.15660000000000002,
	"CDN": 0.1562,
	"HCM": 0.1552,
	"PLP": 0.15460000000000002,
	"SVC": 0.15460000000000002,
	"NDN": 0.1544,
	"NLG": 0.15360000000000001,
	"BFC": 0.1532,
	"PCE": 0.15319999999999998,
	"TDM": 0.15299999999999997,
	"MBS": 0.1528,
	"PVT": 0.15220000000000003,
	"SIC": 0.15139999999999998,
	"VNC": 0.15020000000000003,
	"SPC": 0.14940000000000003,
	"SMN": 0.1492,
	"VSC": 0.1484,
	"DRC": 0.148,
	"MDC": 0.148,
	"PGN": 0.1476,
	"HSG": 0.1474,
	"NHH": 0.1472,
	"TV4": 0.1472,
	"SHB": 0.147,
	"CTT": 0.14679999999999999,
	"GLT": 0.1466,
	"CLL": 0.1458,
	"HTC": 0.1446,
	"TA9": 0.14440000000000003,
	"SZC": 0.144,
	"CHP": 0.1436,
	"PPC": 0.1436,
	"STC": 0.1428,
	"BID": 0.1416,
	"CTG": 0.1416,
	"VGC": 0.141,
	"BCM": 0.14079999999999998,
	"GMD": 0.1406,
	"ACC": 0.14040000000000002,
	"PVP": 0.14020000000000002,
	"NVL": 0.13999999999999999,
	"SSI": 0.13920000000000002,
	"VSI": 0.1376,
	"TVT": 0.13720000000000002,
	"MED": 0.137,
	"TYA": 0.1366,
	"SFC": 0.13599999999999998,
	"PPY": 0.13520000000000001,
	"C32": 0.13479999999999998,
	"VNL": 0.13479999999999998,
	"TDT": 0.134,
	"PSE": 0.13279999999999997,
	"TIX": 0.1326,
	"PC1": 0.13240000000000002,
	"TKU": 0.13240000000000002,
	"MSB": 0.13199999999999998,
	"CPC": 0.131,
	"API": 0.1308,
	"PGI": 0.1306,
	"IDI": 0.1296,
	"DPR": 0.1288,
	"TDP": 0.1286,
	"HTI": 0.128,
	"KDH": 0.1276,
	"NHA": 0.1274,
	"TNC": 0.1274,
	"GSP": 0.1264,
	"PMS": 0.1264,
	"DAE": 0.1256,
	"LCG": 0.1252,
	"SAV": 0.1252,
	"SVT": 0.125,
	"TVB": 0.12279999999999999,
	"VHL": 0.1222,
	"VLA": 0.1222,
	"PPP": 0.12179999999999999,
	"PMB": 0.1216,
	"NKG": 0.1214,
	"THI": 0.121,
	"VGS": 0.121,
	"VPD": 0.1206,
	"SMC": 0.1204,
	"PJT": 0.12020000000000002,
	"PLX": 0.1202,
	"TOT": 0.12000000000000002,
	"NBB": 0.12,
	"VSH": 0.12,
	"VCG": 0.1196,
	"TAR": 0.11879999999999999,
	"TCO": 0.11879999999999998,
	"OGC": 0.1186,
	"KPF": 0.11779999999999999,
	"ECI": 0.11740000000000002,
	"GMC": 0.1172,
	"S55": 0.1166,
	"TTC": 0.1162,
	"CTS": 0.1156,
	"KST": 0.1156,
	"VSA": 0.11539999999999999,
	"BIC": 0.11520000000000001,
	"TNA": 0.11520000000000001,
	"BSI": 0.11499999999999999,
	"HSL": 0.11499999999999999,
	"DXG": 0.11480000000000001,
	"S99": 0.11479999999999999,
	"CAN": 0.1142,
	"VDP": 0.11379999999999998,
	"HTL": 0.11300000000000002,
	"HAD": 0.11280000000000001,
	"TCT": 0.11280000000000001,
	"DIG": 0.11279999999999998,
	"PLC": 0.1126,
	"VJC": 0.1126,
	"BHN": 0.11259999999999999,
	"QTC": 0.11259999999999999,
	"CLW": 0.11200000000000002,
	"CMG": 0.11199999999999999,
	"GDW": 0.11179999999999998,
	"GEX": 0.11179999999999998,
	"TET": 0.1116,
	"HEV": 0.11159999999999999,
	"IMP": 0.11159999999999999,
	"BST": 0.11139999999999999,
	"DBT": 0.11100000000000002,
	"HLD": 0.1096,
	"CTF": 0.10940000000000001,
	"NDX": 0.1092,
	"BCG": 0.10839999999999998,
	"PBP": 0.1082,
	"ABT": 0.10800000000000001,
	"NBC": 0.10800000000000001,
	"TIG": 0.1078,
	"CMV": 0.10740000000000001,
	"CCI": 0.10700000000000001,
	"HVH": 0.1062,
	"LDG": 0.1058,
	"THS": 0.10540000000000001,
	"HCC": 0.1052,
	"VNR": 0.1046,
	"HPX": 0.1044,
	"ARM": 0.10400000000000001,
	"PVI": 0.1038,
	"PHC": 0.1028,
	"STB": 0.10259999999999998,
	"STG": 0.10200000000000001,
	"DXP": 0.1018,
	"ART": 0.1018,
	"HHC": 0.1014,
	"BTP": 0.1012,
	"BBC": 0.1008,
	"HHP": 0.1006,
	"CCL": 0.1004,
	"ORS": 0.10039999999999998,
	"PMP": 0.1002,
	"TDC": 0.1002,
	"ADS": 0.0998,
	"HT1": 0.0994,
	"DTC": 0.099,
	"PGV": 0.09899999999999999,
	"SRC": 0.09799999999999999,
	"SBV": 0.0974,
	"TTT": 0.09680000000000001,
	"BMI": 0.0966,
	"VIF": 0.0964,
	"NBW": 0.096,
	"KSV": 0.0958,
	"BRC": 0.09559999999999999,
	"GTA": 0.09559999999999999,
	"YBM": 0.09540000000000001,
	"CDC": 0.0954,
	"NBP": 0.0954,
	"SC5": 0.095,
	"VDS": 0.0942,
	"TCH": 0.09380000000000001,
	"COM": 0.09359999999999999,
	"MEL": 0.0932,
	"PET": 0.093,
	"GEG": 0.0928,
	"VMD": 0.09259999999999999,
	"DAT": 0.09219999999999999,
	"BDB": 0.09140000000000001,
	"LGC": 0.0912,
	"PPS": 0.091,
	"VCA": 0.0908,
	"PSC": 0.09040000000000001,
	"C47": 0.08980000000000002,
	"TMX": 0.08940000000000001,
	"ITD": 0.0894,